run_id,algorithm,implementation,n_a,n_b,elements,bins,threads,repeat,seed,pattern,operation_ms,device_ms,end_to_end_ms,max_abs_error,valid,gpu,compute_capability,cuda_runtime,driver
1791278655482155,histogram,cpu,1048576,0,1048576,16,0,0,42,"random",7.005614,,7.005614,0,1,"NVIDIA GeForce GTX 860M","5.0",12090,13000
1791278655482155,histogram,student,1048576,0,1048576,16,256,0,42,"random",0.495958,0.4983359873,3.988124,0,1,"NVIDIA GeForce GTX 860M","5.0",12090,13000
1791278655482155,histogram,thrust,1048576,0,1048576,16,0,0,42,"random",4.182934,4.174752235,8.859096,0,1,"NVIDIA GeForce GTX 860M","5.0",12090,13000
1791278655482155,histogram,cpu,1048576,0,1048576,16,0,1,42,"random",7.008061,,7.008061,0,1,"NVIDIA GeForce GTX 860M","5.0",12090,13000
1791278655482155,histogram,student,1048576,0,1048576,16,256,1,42,"random",0.45235,0.4493120015,5.398788,0,1,"NVIDIA GeForce GTX 860M","5.0",12090,13000
1791278655482155,histogram,thrust,1048576,0,1048576,16,0,1,42,"random",4.099166,4.093023777,8.512569,0,1,"NVIDIA GeForce GTX 860M","5.0",12090,13000
1791278655482155,histogram,cpu,1048576,0,1048576,16,0,2,42,"random",6.893145,,6.893145,0,1,"NVIDIA GeForce GTX 860M","5.0",12090,13000
1791278655482155,histogram,student,1048576,0,1048576,16,256,2,42,"random",1.060957,1.062911987,3.792309,0,1,"NVIDIA GeForce GTX 860M","5.0",12090,13000
1791278655482155,histogram,thrust,1048576,0,1048576,16,0,2,42,"random",3.859949,3.855904102,9.161475,0,1,"NVIDIA GeForce GTX 860M","5.0",12090,13000
1791278655482155,histogram,cpu,1048576,0,1048576,16,0,3,42,"random",5.388068,,5.388068,0,1,"NVIDIA GeForce GTX 860M","5.0",12090,13000
1791278655482155,histogram,student,1048576,0,1048576,16,256,3,42,"random",0.945921,0.9447039962,5.239775,0,1,"NVIDIA GeForce GTX 860M","5.0",12090,13000
1791278655482155,histogram,thrust,1048576,0,1048576,16,0,3,42,"random",3.833247,3.812832117,7.113081,0,1,"NVIDIA GeForce GTX 860M","5.0",12090,13000
1791278655482155,histogram,cpu,1048576,0,1048576,16,0,4,42,"random",6.655576,,6.655576,0,1,"NVIDIA GeForce GTX 860M","5.0",12090,13000
1791278655482155,histogram,student,1048576,0,1048576,16,256,4,42,"random",0.522986,0.5325760245,4.659838,0,1,"NVIDIA GeForce GTX 860M","5.0",12090,13000
1791278655482155,histogram,thrust,1048576,0,1048576,16,0,4,42,"random",3.246621,3.235232115,7.079064,0,1,"NVIDIA GeForce GTX 860M","5.0",12090,13000
1791278655482155,histogram,cpu,1048576,0,1048576,16,0,5,42,"random",6.832406,,6.832406,0,1,"NVIDIA GeForce GTX 860M","5.0",12090,13000
1791278655482155,histogram,student,1048576,0,1048576,16,256,5,42,"random",0.625884,0.6266880035,4.590135,0,1,"NVIDIA GeForce GTX 860M","5.0",12090,13000
1791278655482155,histogram,thrust,1048576,0,1048576,16,0,5,42,"random",4.466364,4.458911896,7.600102,0,1,"NVIDIA GeForce GTX 860M","5.0",12090,13000
1791278655482155,histogram,cpu,1048576,0,1048576,16,0,6,42,"random",6.981988,,6.981988,0,1,"NVIDIA GeForce GTX 860M","5.0",12090,13000
1791278655482155,histogram,student,1048576,0,1048576,16,256,6,42,"random",1.33522,1.329663992,5.43637,0,1,"NVIDIA GeForce GTX 860M","5.0",12090,13000
1791278655482155,histogram,thrust,1048576,0,1048576,16,0,6,42,"random",3.104274,3.104799986,8.579502,0,1,"NVIDIA GeForce GTX 860M","5.0",12090,13000
1791278655482155,histogram,cpu,1048576,0,1048576,16,0,7,42,"random",7.297686,,7.297686,0,1,"NVIDIA GeForce GTX 860M","5.0",12090,13000
1791278655482155,histogram,student,1048576,0,1048576,16,256,7,42,"random",1.108013,1.098816037,3.582275,0,1,"NVIDIA GeForce GTX 860M","5.0",12090,13000
1791278655482155,histogram,thrust,1048576,0,1048576,16,0,7,42,"random",3.650176,3.6256001,7.120918,0,1,"NVIDIA GeForce GTX 860M","5.0",12090,13000
1791278655482155,histogram,cpu,1048576,0,1048576,16,0,8,42,"random",6.428236,,6.428236,0,1,"NVIDIA GeForce GTX 860M","5.0",12090,13000
1791278655482155,histogram,student,1048576,0,1048576,16,256,8,42,"random",0.831285,0.8328639865,4.726014,0,1,"NVIDIA GeForce GTX 860M","5.0",12090,13000
1791278655482155,histogram,thrust,1048576,0,1048576,16,0,8,42,"random",3.503796,3.493760109,7.805904,0,1,"NVIDIA GeForce GTX 860M","5.0",12090,13000
1791278655482155,histogram,cpu,1048576,0,1048576,16,0,9,42,"random",6.760878,,6.760878,0,1,"NVIDIA GeForce GTX 860M","5.0",12090,13000
1791278655482155,histogram,student,1048576,0,1048576,16,256,9,42,"random",0.314744,0.3134079874,4.894046,0,1,"NVIDIA GeForce GTX 860M","5.0",12090,13000
1791278655482155,histogram,thrust,1048576,0,1048576,16,0,9,42,"random",3.898464,3.890687943,8.589267,0,1,"NVIDIA GeForce GTX 860M","5.0",12090,13000
