algorithm,implementation,n_a,n_b,elements,bins,threads,seed,pattern,gpu,compute_capability,cuda_runtime,driver,samples,operation_ms_mean,operation_ms_median,operation_ms_stddev,operation_ms_min,operation_ms_max,device_ms_mean,device_ms_median,device_ms_stddev,device_ms_min,device_ms_max,end_to_end_ms_mean,end_to_end_ms_median,end_to_end_ms_stddev,end_to_end_ms_min,end_to_end_ms_max
histogram,cpu,1024,0,1024,256,0,42,random,NVIDIA GeForce GTX 860M,5.0,12090,13000,50,0.00368516,0.0035180000000000003,0.0005292737943519924,0.003324,0.006061,,,,,,0.00368516,0.0035180000000000003,0.0005292737943519924,0.003324,0.006061
histogram,student,1024,0,1024,256,32,42,random,NVIDIA GeForce GTX 860M,5.0,12090,13000,10,0.1174251,0.110254,0.01726532672696607,0.104884,0.151203,0.11414400041,0.10659199955000001,0.017244969049686077,0.1000320017,0.1474239975,0.1451932,0.13505050000000002,0.02249567580570887,0.128586,0.187544
histogram,thrust,1024,0,1024,256,0,42,random,NVIDIA GeForce GTX 860M,5.0,12090,13000,50,0.12456988,0.1186035,0.025492222360619432,0.088978,0.213751,0.12150527998999999,0.11451200019999999,0.02557817727685437,0.08668799698,0.2111680061,0.15490948,0.143401,0.03405944214268666,0.105907,0.258223
histogram,student,1024,0,1024,256,64,42,random,NVIDIA GeForce GTX 860M,5.0,12090,13000,10,0.1094606,0.0875175,0.04125184021538379,0.085831,0.197269,0.10667200014,0.084783997385,0.04101362749972543,0.08345600218,0.1944960058,0.13119619999999999,0.104995,0.04878755171785342,0.10266,0.229727
histogram,student,1024,0,1024,256,128,42,random,NVIDIA GeForce GTX 860M,5.0,12090,13000,10,0.1758939,0.16209099999999999,0.04696993404402437,0.120577,0.255316,0.17242240085,0.15803200005,0.046862118422438134,0.1174079999,0.2532800138,0.2108419,0.194583,0.053618572523271575,0.1472,0.301647
histogram,student,1024,0,1024,256,256,42,random,NVIDIA GeForce GTX 860M,5.0,12090,13000,10,0.1222594,0.11985100000000001,0.026422964532979855,0.095581,0.187486,0.119017598768,0.1161760017,0.026457638297950697,0.09270399809,0.184799999,0.1512502,0.14982099999999998,0.030546319766690203,0.120413,0.226428
histogram,student,1024,0,1024,256,512,42,random,NVIDIA GeForce GTX 860M,5.0,12090,13000,10,0.127726,0.1184795,0.03051093533290792,0.102192,0.20674,0.124412799632,0.1156479977,0.03023411248482214,0.09935999662,0.2031040043,0.1555284,0.14422449999999998,0.03426358450859714,0.126087,0.241267
histogram,cpu,16384,0,16384,256,0,42,random,NVIDIA GeForce GTX 860M,5.0,12090,13000,50,0.058414139999999996,0.055388,0.00933732004118037,0.052176,0.101492,,,,,,0.058414139999999996,0.055388,0.00933732004118037,0.052176,0.101492
histogram,student,16384,0,16384,256,32,42,random,NVIDIA GeForce GTX 860M,5.0,12090,13000,10,0.1456158,0.124672,0.044182676521711796,0.107027,0.232691,0.14277760014,0.121199999,0.04415564893168257,0.1046079993,0.2306240052,0.2424373,0.230512,0.055814984107316556,0.175522,0.339134
histogram,thrust,16384,0,16384,256,0,42,random,NVIDIA GeForce GTX 860M,5.0,12090,13000,50,0.2471488,0.24191449999999998,0.02745823936044535,0.199344,0.334595,0.24430335939,0.23908799884999998,0.027588720289345597,0.197119996,0.3320319951,0.33989268,0.333752,0.04132801873534936,0.235426,0.427131
histogram,student,16384,0,16384,256,64,42,random,NVIDIA GeForce GTX 860M,5.0,12090,13000,10,0.1838074,0.1606435,0.06599927110068884,0.126183,0.342453,0.18071359992,0.15742400285,0.06493944977222439,0.1237120032,0.3359679878,0.2750008,0.2556615,0.09233141214102357,0.192706,0.51564
histogram,student,16384,0,16384,256,128,42,random,NVIDIA GeForce GTX 860M,5.0,12090,13000,10,0.1677076,0.1589865,0.028349944382465526,0.14605,0.239888,0.16424960197,0.15651199965,0.02599611354755163,0.142591998,0.228512004,0.2751678,0.26621700000000004,0.027685214777727275,0.246375,0.340406
histogram,student,16384,0,16384,256,256,42,random,NVIDIA GeForce GTX 860M,5.0,12090,13000,10,0.1295162,0.1276805,0.013786837432856023,0.108499,0.146825,0.12572799995,0.1242880039,0.013322165681747364,0.1050560027,0.1423680037,0.2221107,0.225191,0.020321833578964055,0.198413,0.263161
histogram,student,16384,0,16384,256,512,42,random,NVIDIA GeForce GTX 860M,5.0,12090,13000,10,0.1498812,0.1420345,0.03925185012992665,0.106517,0.222899,0.14676159993,0.13924800604999998,0.039175479587641185,0.1027199998,0.2197760046,0.2433041,0.2328195,0.0381489139016798,0.196726,0.32967
histogram,cpu,65536,0,65536,256,0,42,random,NVIDIA GeForce GTX 860M,5.0,12090,13000,50,0.24393576,0.2236325,0.04730818118036546,0.211245,0.410701,,,,,,0.24393576,0.2236325,0.04730818118036546,0.211245,0.410701
histogram,student,65536,0,65536,256,32,42,random,NVIDIA GeForce GTX 860M,5.0,12090,13000,10,0.1604216,0.1511015,0.039044452692340866,0.117679,0.247795,0.15765439942,0.1483199969,0.039134708152019415,0.1148160025,0.2451840043,0.3691222,0.37124650000000003,0.0760333879508791,0.258433,0.521532
histogram,thrust,65536,0,65536,256,0,42,random,NVIDIA GeForce GTX 860M,5.0,12090,13000,50,0.36394178,0.349552,0.049030747893037616,0.307123,0.556137,0.361196801662,0.3464320004,0.04903655904987731,0.3046399951,0.5519040227,0.57814976,0.59168,0.08889761427150739,0.430502,0.893288
histogram,student,65536,0,65536,256,64,42,random,NVIDIA GeForce GTX 860M,5.0,12090,13000,10,0.1766732,0.1718285,0.044916012937234066,0.114882,0.270743,0.17354559898,0.16851199420000001,0.0446233709740904,0.1126080006,0.267711997,0.3738135,0.373189,0.0846512984848234,0.255191,0.537387
histogram,student,65536,0,65536,256,128,42,random,NVIDIA GeForce GTX 860M,5.0,12090,13000,10,0.2289766,0.210558,0.10604895890441882,0.114511,0.414361,0.22605759949,0.20828799905,0.10524421642242242,0.1121599972,0.4104320109,0.3999282,0.3862905,0.15959716013750233,0.187984,0.722925
histogram,student,65536,0,65536,256,256,42,random,NVIDIA GeForce GTX 860M,5.0,12090,13000,10,0.2213564,0.15955799999999998,0.21029758885351016,0.124275,0.81686,0.21815359964,0.1568960026,0.2100160013331434,0.1215040013,0.8130879998,0.45237879999999997,0.363051,0.26548689913766615,0.294037,1.189789
histogram,student,65536,0,65536,256,512,42,random,NVIDIA GeForce GTX 860M,5.0,12090,13000,10,0.2214369,0.16475099999999998,0.12784549085904004,0.13164,0.542243,0.2171967998,0.16176000235,0.12656697832141856,0.1291839927,0.5367040038,0.427493,0.41690249999999995,0.1496164215504286,0.262452,0.759261
histogram,cpu,1048576,0,1048576,256,0,42,random,NVIDIA GeForce GTX 860M,5.0,12090,13000,50,6.39472348,6.499721,0.7742697191377712,3.870631,7.567659,,,,,,6.39472348,6.499721,0.7742697191377712,3.870631,7.567659
histogram,student,1048576,0,1048576,256,32,42,random,NVIDIA GeForce GTX 860M,5.0,12090,13000,10,0.6752651,0.688696,0.2207594367951232,0.364743,1.029855,0.67465600669,0.68689599635,0.22068241415333673,0.3594880104,1.028512001,4.3729503,4.368273500000001,0.6545250192888902,3.161916,5.563698
histogram,thrust,1048576,0,1048576,256,0,42,random,NVIDIA GeForce GTX 860M,5.0,12090,13000,50,4.07653198,4.0833010000000005,0.4374674903283014,3.324997,5.206032,4.06966976174,4.080767870000001,0.4395051347045571,3.300352097,5.188191891,8.06238436,7.9893705,0.7591748279649574,6.857315,9.512108
histogram,student,1048576,0,1048576,256,64,42,random,NVIDIA GeForce GTX 860M,5.0,12090,13000,10,0.6933801,0.6197045000000001,0.30527855775721,0.355372,1.210307,0.69566719839,0.62136000395,0.3048349861279523,0.3536959887,1.210976005,4.5531489,4.5263235,0.5689328520188671,3.783431,5.795876
histogram,student,1048576,0,1048576,256,128,42,random,NVIDIA GeForce GTX 860M,5.0,12090,13000,10,0.5123503,0.586396,0.1925103963138095,0.28828,0.830299,0.51203200519,0.58616000415,0.19327591203155015,0.2873600125,0.8329920173,4.3827315,4.4755815000000005,0.634911960330678,3.305932,5.181637
histogram,student,1048576,0,1048576,256,256,42,random,NVIDIA GeForce GTX 860M,5.0,12090,13000,10,0.4989425,0.596196,0.15862790216747985,0.28626,0.662039,0.49962240158,0.5992000102999999,0.1597086124083437,0.2849600017,0.6659520268,4.1406607,4.297162,0.7759624725297324,2.850463,5.543821
histogram,student,1048576,0,1048576,256,512,42,random,NVIDIA GeForce GTX 860M,5.0,12090,13000,10,0.552717,0.545907,0.2417422083960975,0.294283,1.079395,0.55152959227,0.5470559895,0.2416399549147349,0.2927359939,1.073503971,4.5437541999999995,4.6436775,0.529381635225225,3.565941,5.228407
